{
    "name": "UIFlow",
    "description": "Base Micropython v1.12, Beta Version, only for test",
    "keywords": "ESP32, Micropython",
    "author": "EeeeBin",
    "repository": "https://github.com/sakabin/UIFlow-Firmware",
    "firmware_category": [
        {
            "Stack-EN": {
                "path": "firmware_en",
                "device": [
                    "M5Stack Core"
                ],
                "default_baud": 921600
            }
        }
    ],
    "version": "1.5.0",
    "framework": "Micropython"
}

